{"food": {"media": 2.5738255033557045, "his": 0.9463087248322147, "obj": 0.8571428571428571, "sub": 0.14285714285714285}, "pol": {"media": 0.8683584456780333, "his": 0.2624900872323553, "obj": 0.8983451536643026, "sub": 0.1016548463356974}, "his": {"food": 0.2169230769230769, "media": 0.8938461538461538, "pol": 0.25461538461538463, "obj": 0.8225806451612904, "sub": 0.1774193548387097}}